{
  "name": "m1_talleres",
  "language": "es",
  "category": "MARKETING",
  "components": [
    {
      "type": "BODY",
      "text": "Hola {{1}}, vi un detalle de tu taller. En 14 días activamos 10–20 citas sin anuncios. ¿Te va una llamada de 8 min? Agenda aquí: {{2}}"
    },
    {
      "type": "FOOTER",
      "text": "Responde STOP para dejar de recibir mensajes."
    },
    {
      "type": "BUTTONS",
      "buttons": [
        {
          "type": "URL",
          "text": "Abrir agenda",
          "url": "https://calendly.com/chrisribera28/30min"
        }
      ]
    }
  ]
}