{
  "name": "m2_recordatorio",
  "language": "es",
  "category": "UTILITY",
  "components": [
    {
      "type": "BODY",
      "text": "Hola {{1}}, ¿te reservo 8 min? Mi agenda: {{2}}. Si lo prefieres, dime 2 horarios por WhatsApp."
    },
    {
      "type": "FOOTER",
      "text": "Gracias por tu tiempo."
    },
    {
      "type": "BUTTONS",
      "buttons": [
        {
          "type": "URL",
          "text": "Abrir agenda",
          "url": "https://calendly.com/chrisribera28/30min"
        }
      ]
    }
  ]
}