{
  "name": "noshow_reprog",
  "language": "es",
  "category": "UTILITY",
  "components": [
    {
      "type": "BODY",
      "text": "¿Todo bien, {{1}}? Reprograma aquí: {{2}}. Puedo llamarte a {{3}} o {{4}}."
    },
    {
      "type": "FOOTER",
      "text": "Te tardará menos de 1 minuto."
    },
    {
      "type": "BUTTONS",
      "buttons": [
        {
          "type": "URL",
          "text": "Reprogramar",
          "url": "https://calendly.com/chrisribera28/30min"
        }
      ]
    }
  ]
}